review,rating
"Review 1: Exceptional performance and a stunning display make this MacBook a joy to use.",5
"Review 2: This MacBook impresses with its sleek design and blazing-fast processing speed.",5
"Review 3: A top-of-the-line MacBook with an elegant build and remarkable battery life.",5
"Review 4: Outstanding performance paired with a crisp, vibrant screen elevates this device.",5
"Review 5: A premium MacBook that delivers both power and style, perfect for professionals.",5
"Review 6: Flawless performance and cutting-edge features make this MacBook stand out.",5
"Review 7: This model offers impressive speed, a brilliant display, and an intuitive interface.",5
"Review 8: A beautifully designed MacBook that combines efficiency with elegance.",5
"Review 9: Remarkably fast and reliable, this MacBook is a dream for tech enthusiasts.",5
"Review 10: Superb build quality and top-notch performance make it a standout choice.",5
"Review 11: An innovative MacBook that excels in performance and user experience.",5
"Review 12: High-speed processing and a crystal-clear display set a new standard.",5
"Review 13: A remarkable device that offers unparalleled performance and stunning visuals.",5
"Review 14: Sleek, powerful, and efficient â€“ this MacBook is perfect for demanding tasks.",5
"Review 15: A top performer with a premium design and extraordinary battery life.",5
"Review 16: This MacBook combines state-of-the-art technology with a modern, attractive design.",5
"Review 17: Exceptional speed and a gorgeous display make this MacBook a truly impressive machine.",5
"Review 18: This MacBook offers reliable performance for everyday tasks without any remarkable features.",3
"Review 19: A decent machine that meets basic computing needs but lacks innovation.",3
"Review 20: The design is functional and the performance is steady, though nothing stands out.",3
"Review 21: Adequate for routine work, this MacBook delivers a standard user experience.",3
"Review 22: A solid device for daily tasks, but its features are rather unexciting.",3
"Review 23: The performance is acceptable and the display is clear, though it feels average overall.",3
"Review 24: This model provides consistent performance without any impressive extras.",3
"Review 25: A straightforward MacBook that performs as expected, neither exceptional nor disappointing.",3
"Review 26: Balanced and unremarkable, it serves well for basic tasks without flair.",3
"Review 27: A standard MacBook with adequate speed and a functional design for everyday use.",3
"Review 28: Reliable but unremarkable, this device handles routine tasks with average efficiency.",3
"Review 29: A typical machine that performs its duties without any noticeable strengths or weaknesses.",3
"Review 30: This MacBook is competent and steady, ideal for users with basic computing needs.",3
"Review 31: It offers an ordinary performance and a no-frills design that gets the job done.",3
"Review 32: Functional and predictable, this MacBook is neither particularly good nor bad.",3
"Review 33: An average device that provides standard performance for daily computing tasks.",3
"Review 34: Disappointing performance and a dull display make this MacBook a poor choice.",1
"Review 35: The device is sluggish and unresponsive, failing to meet expectations.",1
"Review 36: A subpar MacBook with frequent glitches and an underwhelming design.",1
"Review 37: This model struggles with even simple tasks, making it frustrating to use.",1
"Review 38: Poor battery life and a lackluster display severely impact its usability.",1
"Review 39: Underperforming and unreliable, this MacBook leaves much to be desired.",1
"Review 40: The performance is abysmal and the design feels outdated and flimsy.",1
"Review 41: An unsatisfactory device with constant lag and poor build quality.",1
"Review 42: This MacBook fails to deliver on its promises, with performance issues aplenty.",1
"Review 43: A regretful purchase with numerous problems and disappointing performance.",1
"Review 44: Consistently slow and plagued with technical issues, it is not recommended.",1
"Review 45: Substandard performance and an uninspired design make this a letdown.",1
"Review 46: It struggles with everyday tasks and offers a very unsatisfying user experience.",1
"Review 47: The device is marred by constant errors and a severely underwhelming display.",1
"Review 48: A dismal machine that fails to provide reliable performance for any task.",1
"Review 49: Extremely disappointing; poor speed and frequent crashes make it unusable.",1
"Review 50: A complete failure with abysmal performance and a design that disappoints at every turn.",1
